{"0.16610928310135775":{"user_id":3},"0.757465001097674":{"user_id":3},"0.3773226660831115":{"user_id":3}}